{"id":1,"x":3.7726526351446483,"y":-1.888417067470999,"theta":-1.5340867200850756}