{"id":7,"x":3.5337271004501116,"y":0.10621887706076724,"theta":0.073036617604874274}